Gene Symbol;Alt Symbols;E14/E15;E14/E15 Pattern;E18;E18 Pattern;P4 (P7);P4 (P7) Pattern;Adult;Adult Pattern;Full name;Function
2600011C06Rik ;Rbm25;na;na;na;na;na;na;SP:s, L5:s, L6:s-, L4:s-, L3:s-, MZ:s-;2;RNA binding motif protein 25;0
3110035E14Rik;0;0;0;na;na;na;na;SP:s, L6:w, L5:w-, L3:w-;2;RIKEN cDNA 3110035E14 gene;0
6720401G13Rik;0;SP:w, SZ:s;2;na;na;na;na;all:s-;3;RIKEN cDNA 6720401G13 gene;0
9130024F11Rik;0;SP:s, IZ:s;2;na;na;na;na;na;na;RIKEN cDNA 9130024F11 gene;0
9430020K01Rik;0;0;0;na;na;na;na;SP:s, L5:s;2;RIKEN cDNA 9430020K01 gene;0
9630044O09Rik;Slain1;na;na;na;na;na;na;SP:s, L6:w, L5:w, L4:w, L3:w, MZ:w;2;SLAIN motif family, member 1;0
Abca2;0;SP:w-, LP:w-;2;SP:s, L5:s;2;SP:s, L5:s;2;SP:s, L5:s, L3:s, L6:w, L4:w, MZ:w;2;0;0
Abca8a;0;SP:s;1;SP:s;1;L5:s, L3:w;4;SP:s, L6:s;2;0;0
Abcd4;0;SZ:w, IZ:w;4;na;na;na;na;SP:w, L5:w;2;ATP-binding cassette, sub-family D (ALD), member 4;0
Acvr2a;0;SP:s, MZ:s;1;SP:s;1;SP:s;1;SP:s;1;activin receptor IIA;0
Adam10;0;SP:s, VZ:w, SZ:w, IZ:w, LP:w, UP:w, MZ:w;2;SP:w, L5:w;2;SP:w, L6:w, L5:w;2;SP:s-, L3:s-;2;a disintegrin and metallopeptidase domain 10;0
Adamts1;0;SP:s;1;na;na;SP:w;1;SP:w;1;a disintegrin-like and metallopeptidase (reprolysin type) with thrombospondin type 1 motif, 1;0
Adcy8;0;na;na;na;na;na;na;SP:s-, L5:s-, L4:w, L3:w;2;adenylate cyclase 8;0
Adra2a;0;0;0;0;0;SP:s;1;SP:s;1;0;0
Agpat4;0;0;0;na;na;na;na;SP:s, L6:s-;2;0;0
Alcam;0;all:s;3;SP:s;1;SP:s, L5:s, L3:s;2;SP:s, L3:s, L6:s-, L5:s-, L4:s-, MZ:s-;2;activated leukocyte cell adhesion molecule;0
Angptl2;0;0;0;0;0;0;0;SP:s, L5:s, L6:w, L4:w, L3:w, MZ:w;2;0;0
Anln;0;VZ:s, MZ:s;4;na;na;na;na;WM:s-, SP:s-, L6:s-;2;0;0
Aplp2;0;VZ:s, SP:s, LP:s, UP:s;3;na;na;na;na;SP:s, L5:w, L3:w;2;amyloid beta (A4) precursor-like protein 2;0
Apod;0;0;0;0;0;0;0;WM:s, SP:s-, L6:w-, L5:w-;2;0;0
Apoe;0;SP:s-, VZ:s-, SZ:s-, IZ:s-, MZ:s-;2;SP:s-, IZ:s-;2;all:s-;3;L3:s, WM:w;4;apolipoprotein E;0
Aqp4;0;0;0;0;0;WM:s, SP:s, L6:w, L5:w;2;WM:s-;4;aquaporin 4;0
Arhgap11a;0;SP:s, SZ:s;2;na;na;na;na;na;na;Rho GTPase activating protein 11A;0
Arhgap26;0;0;0;na;na;na;na;SP:s, L5:s, L3:s;2;Rho GTPase activating protein 26;0
Arhgdib;0;SP:s, IZ:w, LP:w;2;na;na;na;na;L3:s, L5:s, L4:w-, MZ:w-, L6:w-, SP:w;4;Rho, GDP dissociation inhibitor (GDI) beta;0
Arhgef3;0;0;0;na;na;na;na;SP:s, L5:w, L3:w;2;Rho guanine nucleotide exchange factor (GEF) 3;0
Arl6ip1;0;VZ:s, SZ:s, LP:w, UP:w;4;na;na;na;na;SP:w, L5:w, L3:s;2;ADP-ribosylation factor-like 6 interacting protein 1;0
Ascl1;0;0;0;SP:s-, IZ:s-;2;WM:s-;4;VZ:s;4;achaete-scute complex homolog 1 (Drosophila);0
Asf1a;0;SP:w, IZ:w, VZ:s, SZ:s;2;na;na;na;na;all:w;0;ASF1 anti-silencing function 1 homolog A (S. cerevisiae);0
Aspa;0;na;na;na;na;na;na;WM:s, SP:s-, L6:s-, L5:s-;2;0;0
Atp6ap2;0;0;0;na;na;na;na;SP:s, L5:s, L6:w, L4:w, L3:w, MZ:w;2;ATPase, H+ transporting, lysosomal accessory protein 2;0
Atp6v0e;0;SP:w;2;na;na;na;na;0;0;ATPase, H+ transporting, lysosomal V0 subunit E;0
Aurka;0;VZ:s, SZ:s, IZ:s-;4;na;na;na;na;SP:w, L5:s;2;aurora kinase A;0
Bbx;0;VZ:w-, SZ:w-;4;0;0;SP:w, L5:w;2;SP:w, L5:w;0;bobby sox homolog (Drosophila);0
BC003331;0;VZ:w, SP:w, CP:w;3;na;na;na;na;SP:s-, WM:s-, L5:s, L3:s;2;0;0
Bcl11a;0;SP:s, LP:s, UP:s,  IZ:w;3;SP:s, CP:s, L6:w, L5:w, MZ:w;2;SP:s, L5:s, L3:s;2;SP:s, L5:s, L3:s, L6:w, MZ:w;2;B-cell CLL/lymphoma 11A (zinc finger protein);0
Bcl2l11;0;0;0;0;0;SP:s, L5:s, WM:w, L6:w, L4:w, L3:w, MZ:w;2;0;0;BCL2-like 11 (apoptosis facilitator);0
Bmp5;0;0;0;0;0;0;0;SP:s-, L5:s-;2;bone morphogenetic protein 5;0
Bmp6;0;0;0;0;0;0;0;0;2;13:38436994-38620693;0
Bnip3l;0;VZ:w, CP:w;4;na;na;na;na;SP:w, L5:w;2;BCL2/adenovirus E1B interacting protein 3-like;0
Btg2;0;VZ:s, SZ:s, LP:w, UP:w;4;na;na;na;na;SP:s, L6:s, L3:s;2;B-cell translocation gene 2, anti-proliferative;0
C1qa;0;SP:s-, VZ:s-, SZ-:s, IZ:s-;2;SP:s-, IZ:s-;2;all:s-;3;all:s-;3;complement component 1, q subcomponent, alpha polypeptide;0
C1qtnf1;0;0;0;na;na;na;na;SP:s, L6:w, L5:w, L4:w, L3:w, MZ:w;2;0;0
C920025E04Rik;H2-T23;na;na;na;na;na;na;SP:s, L6:s, L3:w;2;RIKEN cDNA C920025E04 gene /// histocompatibility 2, T region locus 23;0
Cabp7;0;0;0;na;na;na;na;SP:s, L5:s;2;0;0
Cacna2d3;0;SP:s;1;SP:s, L5:w-;2;SP:s, L5:s, L3:s;2;L5:s, L4:s, L3:s, SP:w;2;calcium channel, voltage-dependent, alpha2/delta subunit 3;0
Cacnb2;0;0;0;na;na;na;na;SP:s, L3:s, L6:s-, L5:s-, L4:s-, MZ:s-;2;calcium channel, voltage-dependent, beta 2 subunit;0
Cacng5;0;0;0;0;0;SP:w;1;SP:s-;1;calcium channel, voltage-dependent, gamma subunit 5;0
Cadps2;0;0;0;SP:w, L5:w;2;L3:s, L5:w, L6:w, SP:w;4;L3:s, L4:s, L5:s, SP:s;3;Ca2+-dependent activator protein for secretion 2;0
Caln1;0;VZ:w, SP:w, LP:w, UP:w;3;na;na;na;na;SP:w, L5:w;2;calneuron 1;0
Camk2d;0;VZ:w;4;na;na;na;na;SP:s, L5:s, L3:s, L6:w, L4:w, MZ:w;2;calcium/calmodulin-dependent protein kinase II, delta;0
Carhsp1;0;VZ:w, SZ:w SP:w, MZ:s, UP:s;2;na;na;na;na;WM:s, SP:s-, L6:s-, L5:s-, L4:s-, L3:s-, MZ:s-;4;0;0
Cblb;0;CP:s;4;na;na;na;na;SP:w;1;Casitas B-lineage lymphoma b;0
Cbx5;0;VZ:s, SZ:s, LP:s, UP:s;4;na;na;na;na;SP:s, L6:w, L5:w, L4:w, L3:w, MZ:w;1;chromobox homolog 5 (Drosophila HP1a);0
Cck;0;SP:s, CP:s;2;SP:s;1;SP:s, L6:s;2;SP:s, L5:s, L5:w, L4:w, L3:s, MZ:s;2;cholecystokinin;0
Cckbr;0;0;0;0;0;SP:w, L5:w;2;SP:s, L3:s;2;cholecystokinin B receptor;0
Ccnd2;0;VZ:s, SZ:s, SP:s;2;na;na;SP:w, L5:s, L3:w;2;VZ:s;4;cyclin D2;0
Cd164;0;VZ:s, SZ:s;4;VZ:s, SP:s, L6:s-, L5:s-, CP:s-, MZ:s-;2;SP:s, L6:s-, L5:s-, L4:s-, L3:s-;2;SP:s, L5:s-, L6:s-, L4:s-;2;0;0
Cd47;0;SP:s, LP:w, UP:w;2;SP:s, L5:s;2;SP:w, L6:w, L5:s;2;SP:s, L6:s, L5:s, L3:s, MZ:s;3;0;0
Cdca7;0;SP:s, VZ:s, SZ:s;2;na;na;na;na;SP:s, L6:s, L5:s, L3:s, MZ:s;3;cell division cycle associated 7;0
Cdh10;0;SP:s, SZ:w;2;SP:s, CP:w, L6:w, L5:w;2;SP:s, L5:s, L6:w, L4:w, L3:w;2;SP:s, L5:s, L6:w, L4:w, L3:w, MZ:w;2;cadherin 10;0
Cdh11;0;SP:s-;1;SP:s, L5:s, L6:w;2;SP:s, L5:s;2;SP:s, L5:w, L6:w;2;cadherin 11;0
Cdh12;0;SP:w;2;all:s;3;L5:s, L4:s, L3:s-, SP:s-;4;L3:s, L4:s;4;cadherin 12;0
Cdh18;0;SP:s;1;SP:s, CP:s;2;SP:s, L6:w, L5:w;2;SP:s, L6:s;2;cadherin 18;0
Cdh4;0;SP:s, IZ:s, LP:s;2;0;0;L4:s;4;0;0;cadherin 4;0
Cdh7;0;SP:w-;1;0;0;SP:s-, L5:s, L6:w-, L4:w-, L3:w-;2;L5:s-, L3:w-, L4:w-;4;cadherin 7, type 2;0
Cdh9;0;SP:s-;1;L5:s, L6:s;4;L6:s, L5:s, L4:s-;4;L6:s;4;cadherin 9;0
Cdk2ap1;LOC100047490;0;3;na;na;na;na;SP:s, L5:s, L3:s, L6:w, L4:w, MZ:w;2;CDK2 (cyclin-dependent kinase 2)-associated protein 1 /// similar to putative oral cancer suppressor;0
Cdk4;0;SP:s, VZ:s, SZ:s;2;na;na;na;na;0;0;cyclin-dependent kinase 4;0
Cdkn2c;0;SZ:s, Z:w;4;na;na;na;na;SP:s, L3:s;2;cyclin-dependent kinase inhibitor 2C (p18, inhibits CDK4);0
Cds2;0;0;0;na;na;na;na;SP:s, L5:s, L3:s, L6:s-, L4:s-, MZ:s-;2;CDP-diacylglycerol synthase (phosphatidate cytidylyltransferase) 2;0
Celsr1;0;VZ:s-, SZ:s-;4;VZ:s, IZ:s, SP:w, L5w;2;VZ:s;4;VZ:s;4;cadherin, EGF LAG seven-pass G-type receptor 1 (flamingo homolog, Drosophila);0
Cetn2;0;VZ:w, SZ:w;4;na;na;na;na;SP:s, L5:s, L3:s, L6:w, L4:w, MZ:w;2;centrin 2;0
Chrna4;0;0;0;SP:s;1;SP:s;1;SP:s, L6:w, L5:w;2;cholinergic receptor, nicotinic, alpha polypeptide 4;0
Chst11;0;na;na;na;na;na;na;SP:s;1;carbohydrate sulfotransferase 11;0
Chst2;0;SP:s;1;SP:s;1;SP:s, L5:w;2;SP:s, L6:s, L5:w, L4:w, L3:w, MZ:w;2;carbohydrate sulfotransferase 2;0
Cidea;0;0;0;na;na;na;na;SP:w-;1;cell death-inducing DNA fragmentation factor, alpha subunit-like effector A;involved in energy metabolism and lipid storage, regulation of apoptosis
Cited2;0;SP:s, IZ:s;2;SP:s, L5:s;2;SP:w, L3:s;2;all:s;3;Cbp/p300-interacting transactivator, with Glu/Asp-rich carboxy-terminal domain, 2;0
Cks2;0;SP:s, IZ:s, VZ:w, SZ:w, LP:w, UP:w, MZ:w;2;na;na;na;na;0;0;CDC28 protein kinase regulatory subunit 2;0
Cldn11;0;0;0;0;0;SP:s-, WM:s-;2;WM:s, SP:s-, L6:s-, L5:w-, L4:w-;4;0;0
Cldnd1;0;na;na;na;na;na;na;SP:s, L5:s, L3:s, L6:w, L4:w, MZ:w;2;claudin domain containing 1;0
Clic1;0;VZ:s, SZ:s;4;na;na;na;na;SP:s, L5:s, L3:s, L6:w, L4:w, MZ:w;2;chloride intracellular channel 1;0
Clic5;0;VZ:w, SZ:w, SP:w, LP:s;2;na;na;na;na;SP:s;1;0;poorly selective ion channel which transports Cl- and Na+ and K+, could also regulate the assembly or maintenance of the cytoskeleton at the cell surface 
Clu;LOC100046120;SP:w, VZ:w, SZ:w;2;SP:s, L5:w;2;SP:s, L5:s;2;L3:s, SP:w;4;clusterin /// similar to clusterin;0
Cnbp;0;VZ:s, SZ:s;4;na;na;na;na;SP:w, L5:w, L3:s;2;cellular nucleic acid binding protein;0
Cnp;0;0;0;SP:s-, IZ:s-;2;WM:s-, SP:s-, L6:s-;2;WM:s, SP:w-, L6:w-, L5:w-, L4:w-, L3:w-, MZ:w-;4;0;0
Cntn2;0;SP:s, IZ:s, MZ:s, LP:w, UP:w;2;SP:w, IZ:w, CP:s;2;L3:s, L6:s, SP:w, L5:w;4;SP:s, L5:s, L3:s, L6:w, L4:w, MZ:w;2;0;0
Col11a1;0;SP:s;1;SP:s;1;SP:s, L4:s;1;SP:s-, L5:s-, L3:s;2;collagen, type XI, alpha 1;growth and tridimensional assembly of the fibrillar networks in extracellular matrices
Col12a1;0;VZ:w, SZ:w;4;0;0;L5:w;4;SP:s, L6:s;2;collagen, type XII, alpha 1;0
Col19a1;0;0;0;na;na;na;na;SP:s, L6:s-, L5:s-, L4:s-, L3:s-, MZ:s-;1;collagen, type XIX, alpha 1;0
Col9a3;0;SP:w, IZ:w, CP:w-;2;0;0;L3: w, L4:w, L5:s-, L6:s-, SP:s-;3;all:s;3;collagen, type IX, alpha 3;0
Cplx3;0;0;0;0;0;SP:s, L5:w;2;SP:s;1;0;0
Cpox;0;0;0;na;na;na;na;SP:s, L5:s, L6:w, L4:w, L3:w, MZ:w;2;coproporphyrinogen oxidase;0
Crim1;0;0;0;na;na;na;na;SP:w, L5:w;2;cysteine rich transmembrane BMP regulator 1 (chordin like);0
Crtac1;0;0;0;SP:s;1;SP:s, L5:s-;1;SP:w, L5:s-;2;cartilage acidic protein 1;secreted extracellular matrix protein, regulation of cell-cell and cell-matrix adhesion,  
Cryab;0;0;0;na;na;na;na;WM:s, SP:s, L6:s, L5:w-, L4:w-, L3:w-, MZ:w-;2;crystallin, alpha B;0
Csdc2;0;SP:w, MZ:w;2;SP:s, L5:w;2;SP:s, L5:s;2;all:s;3;cold shock domain containing C2, RNA binding;0
Csmd3;0;SP:s;1;SP:s, L6:s, L5:s, CP:s;2;all:s;3;SP:s, L5:s, L3:s;2;CUB and Sushi multiple domains 3;0
Cstf2;0;VZ:s, SZ:s, IZ:w, SP:s, LP:s, UP:w, MZ:w;3;na;na;na;na;SP:s, L5:s, L3:s, L6:w, L4:w, MZ:w;2;cleavage stimulation factor, 3' pre-RNA subunit 2;0
Ctbp2;0;SP:w, VZ:w, SZ:w;2;L5:w;4;L5:w;4;L5:w;4;C-terminal binding protein 2;0
Ctgf;Ccn2;SP:s-, VZ:s-;2;SP:s;1;SP:s;1;SP:s;1;0;matrix-associated heparin-binding protein, modulator of various growth factor signaling pathways,  regulation of cell adhesion and migration, regulation of proliferation and survival, production of remodeling of the extracellular matrix 
Ctnnb1;0;SP:w, IZ:w, VZ:s;2;SP:s, CP:s, VZ:w, IZ:w, L6:w, L5:w, MZ:s;2;SP:s, L6:w, L5:w;2;SP:s, L6:w, L5:w, L3:w, MZ:w;2;catenin (cadherin associated protein), beta 1;beta-catenin, cell-cell adhesion, transcriptional co-regulator
Ctss;0;SP:s-, VZ:s-, SZ:s-, IZ:s-;2;SP:s-, IZ:s-;2;WM:s-;4;all:s;3;cathepsin S;0
Cttnbp2;0;SP:s, IZ:s, UC:s, MZ:s;2;SP:s, IZ:s, CP:s-, L5:s-, L6:s-;2;all:s;na;all:s;3;cortactin binding protein 2;0
Cux1;0;SP:s, IZ:s, VZ:s, SZ:s;2;SP:s, IZ:s, CP:s;2;L3:s, L4:s, L5:w, L6:w, SP:w;4;L4:s, L3:s, MZ:s;4;cut-like homeobox 1;0
Cux2;0;"SP:s, IZ:s, LC:s; MZ:s";2;SP:s, IZ:s, CP:s;2;L3:s, L4:s;4;L4:s, L3:s, MZ:s;4;cut-like homeobox 2;0
D830030K20Rik;Gm1973;na;na;na;na;na;na;SP:s, L5:s, L6:w, L4:w, L3:w, MZ:w;2;RIKEN cDNA D830030K20 gene /// predicted gene 1973;0
Dact1;0;SP:w, MZ:w;2;CP:s;4;L4:s, L5:s;4;0;0;dapper homolog 1, antagonist of beta-catenin (xenopus);0
Dbi;0;SP:s-, IZ:s-, VZ:s, SZ:s;2;VZ:s, IZ:s-, SP:w-, L6:w-, L5:w-, CP:w-;4;VZ:s, WM:s-, SP:s-, L6:s-, L5:s-, L4:s-, L3:s-, MZ:s-;4;all:s;3;0;0
Dbndd2;0;na;na;na;na;na;na;SP:s, L5:s, L3:s, L6:w, L4:w, MZ:w;2;dysbindin (dystrobrevin binding protein 1) domain containing 2;0
Dck;0;SZ:s, SP:w, LP:w, UP:w;4;na;na;na;na;SP:w, L5:w;2;deoxycytidine kinase;0
Dct;0;0;0;na;na;na;na;SP:w, WM:w, L5:s, L3:s;2;dopachrome tautomerase;0
Ddah1;0;SZ:s, VZ:s;4;na;na;na;na;WM:s-, SP:s-, L6:w-;2;dimethylarginine dimethylaminohydrolase 1;0
Ddhd1;0;SP:w, IZ:s;2;na;na;na;na;all:s;3;DDHD domain containing 1;0
Ddr1;0;0;0;VZ:s, SP:w, IZ:w;2;VZ:s, SP:w, WM:w, L5:w;2;all:s-;3;0;0
Dip2a;0;na;na;na;na;na;na;SP:s, L6:s-, L5:s-, L4:s-, L3:s-, MZ:s-;1;0;0
Dll1;0;VZ:s-;4;SP:s-, IZ:s-;2;WM:s-;4;all:w;0;delta-like 1 (Drosophila);0
Dlx2;0;0;0;SP:s, IZ:s;2;VZ:s, SP:w, L5:w, L3:w;2;VZ:s;4;distal-less homeobox 2;0
Drd1a;0;SP:s, LP:s;2;SP:s, L6:w, L5:w;2;SP:s, L6:s-;1;SP:s;1;dopamine receptor D1a;0
Dsg2;0;na;na;na;na;na;na;SP:s, L6:w, L5:w, L4:w, L3:w, MZ:w;2;desmoglein 2;0
E130012A19Rik;0;VZ:w, SZ:w;4;na;na;na;na;SP:s, L3:s, L5:s-;2;RIKEN cDNA E130012A19 gene;0
E2f5;0;VZ:s, SZ:w;4;SP:w, L5:w;2;0;0;0;0;E2F transcription factor 5;0
E2f7;0;VZ:s, SZ:s, MZ:s, UP:s;4;L5:w;4;SP:w, WM:w, L5:w;2;0;0;E2F transcription factor 7;0
E2f8;0;VZ:w, SZ:w;4;SP:w;1;0;0;L4:s, L3:s, MZ:s;3;E2F transcription factor 8;0
E330009J07Rik;0;SP:s, IZ:s;2;na;na;na;na;all:s;3;RIKEN cDNA E330009J07 gene;0
Efhd2;0;VZ:s, SP:s, LP:s, UP:s;3;na;na;na;na;SP:s, L3:s, L6:w, L5:w, L4:w, MZ:w;2;EF hand domain containing 2;0
Efnb3;0;SP:s, IZ:s, VZ:s-, SZ:s-, LP:s-, UP:s-, MZ:s-;2;SP:w;1;SP:w, L5:s;2;all:s-;3;0;0
Egfr;0;0;0;IZ:s, SP:s;2;SP:s, WM:s;2;all:s-;3;epidermal growth factor receptor;0
Elavl1;0;SP:w, VZ:s, SZ:s;2;na;na;na;na;L3:s, MZ:w, L4:w, L5:w, L6:w, SP:w;3;ELAV (embryonic lethal, abnormal vision, Drosophila)-like 1 (Hu antigen R);0
Elf2;0;SP:s, IZ:w, SZ:w, VZ:w, LP:w, UP:w, MZ:w;2;SP:s, IZ:s, VZ:w, L6:w, L5:w, CP:w, MZ:w;2;all:s;3;0;0;E74-like factor 2;0
Emp2;0;VZ:w, SZ:w;4;na;na;na;na;L3:s, L4:s, SP:s, L5:w, L6:w;2;epithelial membrane protein 2;0
Emr1;0;LP:w, UP:w;4;na;na;na;na;SP:w;1;EGF-like module containing, mucin-like, hormone receptor-like sequence 1;0
Enpp2;0;SP:s-, VZ:s-, SZ:s-, IZ:s-;2;na;na;na;na;L3:s, L5:s-, WM:s-;4;0;0
Entpd5;0;0;0;na;na;na;na;SP:s, L6:w, L5:w, L4:w, L3:w, MZ:w;2;ectonucleoside triphosphate diphosphohydrolase 5;0
Eomes;0;VZ:s, SZ:s, IZ:s-;4;VZ:s, IZ:s, SP:s-;2;VZ:s-;4;0;0;eomesodermin homolog (Xenopus laevis);0
Epha1;0;0;0;SP:s, L5:s, VZ:w, IZ:w, L6:w, CP:w, MZ:w;2;SP:s, L5:s, L6:w, L4:w, L3:w, MZ:w;2;0;0;0;0
Epha3;0;SP:w, IZ:s;2;SP:s, IZ:s;2;SP:s, L5:w, L6:w, L4:w, L3:w, MZ:w;2;0;0;Eph receptor A3;0
Epha5;0;SP:s, IZ:s, MZ:s;2;SP:s, IZ:s, CP:s, L6:s, L5:s;2;SP:s, L5:s, L6:w, L4:w, L3:w, MZ:w;2;SP:s, L5:s, L3:s, L6:w, L4:w, MZ:w;2;Eph receptor A5;0
Epn2;0;SP:s, LP:s, UP:s, MZ:w, IZ:w, SZ:w, VZ:w;3;na;na;na;na;SP:s, L6:w-, L5:w-, L4:w-, L3:w-, MZ:w-;2;epsin 2;0
Etfa;0;VZ:s, SZ:s;4;na;na;na;na;L3:s, SP:w, L5:s, L4:w, MZ:w;2;electron transferring flavoprotein, alpha polypeptide;0
Etv5;0;VZ:s, SZ:s;4;SP:s;1;SP:s, L5:s;2;SP:s, L5:s, L3:s, L6:w, L4:w, MZ:w;2;ets variant gene 5;transcription factor, regulates cell proliferation and  adhesion possibly through the activation of matrix metalloproteinases, 
Faim2;0;na;na;na;na;na;na;SP:s, L3:s, L6:w, L5:w, L4:w, MZ:w;2;Fas apoptotic inhibitory molecule 2;0
Fem1b;0;VZ:w, SZ:w, LP:w, UP:w;4;na;na;na;na;SP:s, L6:w, L5:w, L4:w, L3:w, MZ:w;1;feminization 1 homolog b (C. elegans);0
Fgfr1;0;SP:s, IZ:s, VZ:s, SZ:s, MZ:s;2;0;0;SP:w;1;SP:w, L5:w;2;fibroblast growth factor receptor 1;0
Fn1;0;SP:s, IZ:s;2;CP:s;4;L4:s;4;0;0;fibronectin 1;0
Fnbp1;0;VZ:s, SZ:s;4;na;na;na;na;SP:s-, WM:s-, L6:w-, L5:w-, L4:w-, L3:w-, MZ:w-;2;0;0
Foxm1;Pebp1 or 4933413G19Rik;SZ:s, VZ:w;4;IZ:s, SP:s, L6:s;2;WM:s;4;0;0;RIKEN cDNA 4933413G19 gene /// forkhead box M1 /// phosphatidylethanolamine binding protein 1;0
Foxn2;0;0;0;0;0;SP:w, L5:w;2;0;0;forkhead box N2;0
Foxq1;0;SP:w-, VZ:w-, SZ:w-;2;CP:s, SP:w, IZ:w;4;SP:s, L5:s, L3:s, L6:w, L4:w;2;L3:s, SP:w, L6:w-, L5:w-, L4:w;4;forkhead box Q1;0
Fstl1;0;VZ:s;4;all:w;3;all:s;3;SP:s, L6:s-, L5:s-, L4:s-, L3:s-, MZ:s-;2;follistatin-like 1;0
Fyn;0;SP:s, IZ:s, VZ:w, SZ:w, LP:w, UP:w, MZ:w;2;CP:s, SP:w, IZ:w;4;SP:s-, WM:s-, L3:s, L4:s;2;MZ:s, L3:s, L4:s, L5:w, L6:w, SP:w;4;Fyn proto-oncogene;0
Fzd1;0;IZ:s;4;SP:w, L5:w;2;SP:w, L5:w;2;MZ:s, L3:s, L4:s, L5:w, L6:w-, SP:w;4;frizzled homolog 1 (Drosophila);0
Fzd2;0;SP:s, IZ:s, VZ:s;2;0;0;SP:s, L5:s, L6:w, L4:w, L3:w, MZ:w;2;0;0;frizzled homolog 2 (Drosophila);0
Fzd7;0;VZ:w;4;SP:w, L5:w;2;all:s;3;all:s;3;frizzled homolog 7 (Drosophila);0
Gabpa;0;SP:s, VZ:s;2;L5:s;4;SP:s, L5:s, L6:w, L4:w, L3:w, MZ:w;2;0;0;GA repeat binding protein, alpha;0
Gabpb1;0;SP:s;2;0;0;SP:w, L5:w;2;all:s-;3;GA repeat binding protein, beta 1;0
Gabra2;0;0;0;SP:s, IZ:w, VZ:w, L6:w, L5:w, CP:w, MZ:w;2;0;0;0;0;gamma-aminobutyric acid (GABA) A receptor, subunit alpha 2;0
Gabra5;0;SP:s;1;SP:s, L5:s;2;SP:s, L5:s;2;SP:s, L5:s, L6:w, L4:w, L3:w, MZ:w;2;0;0
Gabrd;0;SP:s-, IZ:s-, VZ:s;2;SP:s, IZ:s;2;SP:w, WM:w, L5:w;2;L3:s, L4:s-, L5:s-, L6:s-, SP:s-, MZ:s-;4;gamma-aminobutyric acid (GABA) A receptor, subunit delta;0
Gad1;0;SZ:s-, IZ:s-, SP:s-, MZ:s-;2;IZ:w-, SP:w-, MZ:w-;2;L5:s, MZ:s;4;all:s;3;glutamic acid decarboxylase 1;0
Gadd45a;0;na;na;na;na;na;na;SP:s, L5:s, L3:s, L6:w, L4:w, MZ:w;2;growth arrest and DNA-damage-inducible 45 alpha;0
Galnt10;0;SP:w, CP:w;3;na;na;na;na;SP:s, L6:w, L5:w, L4:w, L3:w, MZ:w;2;UDP-N-acetyl-alpha-D-galactosamine:polypeptide N-acetylgalactosaminyltransferase 10;0
Gas1;0;VZ:s;4;all:s;3;SP:s, L5:s, L6:w, L4:w, L3:w, MZ:w;2;all:s;3;growth arrest specific 1;0
Gas5;0;VZ:s, LP:s, UP:s;4;na;na;na;na;SP:s, L6:w, L5:w, L4:w, L3:w, MZ:w;1;growth arrest specific 5;0
Gdf10;0;0;0;0;0;SP:w;1;SP:s, L5:s, L3:s, L6:w, L4:w, MZ:w;2;growth differentiation factor 10;member of the TGF-beta superfamily
Gdi2;0;VZ:s, LP:w, Upw;4;na;na;na;na;SP:s, L6:w, L5:w, L4:w, L3:w, MZ:w;1;guanosine diphosphate (GDP) dissociation inhibitor 2;0
Gfap;0;0;0;VZ:s;4;WM:s, SP:s, VZ:s;2;WM:s;4;0;0
Gja1;0;SP:s-, VZ:s-;2;SP:w, IZ:w, L5:w;2;all:s-;3;L3:s, L4:s-, L5:s-, L6:s-, SP:s-, MZ:s-;4;gap junction protein, alpha 1;0
Glt28d2;0;VZ:w, SZ:w, LP:w, UP:w;4;na;na;na;na;SP:w;1;glycosyltransferase 28 domain containing 2;0
Gmfb;0;0;0;na;na;na;na;SP:s, L5:s, L3:s, L6:w, L4:w, MZ:w;2;glia maturation factor, beta;0
Gnal;0;LP:w, UP:w;4;na;na;na;na;SP:s, L5:w, L3:w, L6:w, L4:w, MZ:w;1;guanine nucleotide binding protein, alpha stimulating, olfactory type;0
Gng11;0;SP:w;1;na;na;na;na;SP:s, L6:w, L5:w;2;guanine nucleotide binding protein (G protein), gamma 11;gamma11 subunit of G-protein, can potentially regulate a large number of signaling molecules, inhibition of cell proliferation
Gng12;0;0;0;na;na;na;na;SP:s, L6:s-, L5:s-, L4:s-, L3:s-, MZ:s-;1;guanine nucleotide binding protein (G protein), gamma 12;gamma12 subunit of G-protein, can potentially regulate a large number of signaling molecules
Gng4;0;LP:s, UP:s, MZ:w, SP:w, IZ:w, SZ:w, VZ:w;4;na;na;na;na;SP:w, L4:w;2;guanine nucleotide binding protein (G protein), gamma 4;0
Golph3;0;na;na;na;na;na;na;SP:s, L5:s, L6:w, L4:w, L3:w, MZ:w;2;golgi phosphoprotein 3;0
Gpc6;0;SP:w, VZ:w, SZ:s, IZ:s;2;na;na;na;na;0;0;glypican 6;0
Gpd1;0;0;0;na;na;na;na;SP:s, L6:s, L3:s;2;glycerol-3-phosphate dehydrogenase 1 (soluble);0
Gpm6b;0;SP:s, VZ:s, MZ:s;2;na;na;na;na;all:s;3;glycoprotein m6b;0
Gpr126;0;0;0;na;na;na;na;SP:w, L5:w;2;G protein-coupled receptor 126;0
Gpr37;0;0;0;SP:w, L5:w;2;SP:w, L5:w;2;WM:s, SP:s-, L6:s-, L5:s-;4;0;0
Gpr56;0;0;0;IZ:w-;4;SP:w, L5:w;2;VZ:s;4;0;0
Gpr88;0;0;0;0;4;L5:s, L4:s;4;L4:s, L3:s, MZ:s, SP:w;4;0;0
Gprc5b;0;SZ:w, VZ:w;4;SP:w, IZ:w, L5:s;2;SP:s, L5:s, L3:s, L6:w, L4:w;2;L5:s;4;0;0
Gpsm2;0;na;na;na;na;na;na;SP:s, L5:s, L6:w, L4:w, L3:w, MZ:w;2;G-protein signalling modulator 2 (AGS3-like, C. elegans);0
Grb14;0;LP:w, UP:w;4;na;na;na;na;SP:s, L3:s, L6:w, L5:w, L4:w, MZ:w;2;0;0
Grem2;0;0;0;na;na;na;na;SP:s, L5:s, L6:w, L4:w, L3:w, MZ:w;2;gremlin 2 homolog, cysteine knot superfamily (Xenopus laevis);0
Grsf1;0;0;0;na;na;na;na;SP:s, L5:s, L6:w, L4:w, L3:w, MZ:w;2;G-rich RNA sequence binding factor 1;0
Gsg1l;0;SP:s, LP:s;2;na;na;SP:s;1;SP:s, L3:s;2;GSG1-like;0
Gsn;0;na;na;na;na;na;na;SP:s-, WM:s-;2;0;0
Gspt1;0;SP:w, VZ:w;2;na;na;na;na;all:s;3;G1 to S phase transition 1;0
Gsta4;0;VZ:w, LP:w, UP:w;4;na;na;na;na;SP:s, L3:s, L6:w-, L5:w-, L4:w-, MZ:w-;2;glutathione S-transferase, alpha 4;0
Gtf2b;0;VZ:w, SP:w, UP:w;2;na;na;na;na;all:s;3;general transcription factor IIB;0
H1f0;0;SP:w, IZ:w, VZ:s, SZ:s;2;na;na;na;na;SP:s, L6:s-, L5:s-, L4:s-, L3:s-, MZ:s-;3;H1 histone family, member 0;0
H2afz;0;SP:s, VZ:s;2;na;na;na;na;all:s;3;H2A histone family, member Z;0
Hectd2;0;VZ:s, SP:w, CP:s;4;na;na;na;na;SP:s, L6:s-, L5:w, L3:w, MZ:w;2;HECT domain containing 2;0
Hey1;0;SP:w-, VZ:w, SZ:w, IZ:w-;2;SP:w, L5:w;2;SP:w, L5:w;2;all:s;3;hairy/enhancer-of-split related with YRPW motif 1;0
Hipk2;0;LP:s, Ups;4;na;na;na;na;SP:w;1;0;0
Hmgb2;0;SP:s-, VZ:s, SZ:s;2;na;na;na;na;na;na;high mobility group box 2;0
Hmgcr;0;SP:s, VZ:s, MZ:s, SZ:w, LP:w, UP:w;2;na;na;na;na;SP:s, L5:s, L3:s, L6:w, L4:w, MZ:w;2;3-hydroxy-3-methylglutaryl-Coenzyme A reductase;0
Hmgn2;0;SP:w, VZ:s, SZ:s, IZ:w;2;SP:w, IZ:s;2;WM:s;4;all:s;3;high mobility group nucleosomal binding domain 2;0
Homer2;0;VZ:w, SZ:w;4;na;na;na;na;SP:s, L3:s, L6:w, L5:w, L4:w, MZ:w;2;homer homolog 2 (Drosophila);0
Hpcal1;0;0;0;na;na;na;na;SP:s, L6:w, L5:w, L4:w, L3:w, MZ:w;2;0;0
Hrh3;0;VZ:s, SZ:w;4;na;na;na;na;SP:s, L6:w, L5:s, L4:s, L3:w, MZ:w;2;histamine receptor H3;0
Hs3st1;0;SP:s, SZ:s;2;na;na;na;na;all:s;3;heparan sulfate (glucosamine) 3-O-sulfotransferase 1;0
Htr1d;0;0;0;na;na;SP:w;1;0;0;5-hydroxytryptamine (serotonin) receptor 1D;serotonin receptor
Id4;0;VZ:s, SZ:s;4;VZ:s, SP:w;2;SP:s, L6:w-, L5:w-, L4:w-, L3:w-, MZ:w-;2;all:w;3;0;0
Igf1r;0;SP:s;1;SP:s;1;SP:s;1;SP:s, L6:w, L5:w, L4:w, L3:w, MZ:w;2;insulin-like growth factor I receptor;0
Igfbp3;0;LP:s, UP:s;4;SP:s, L6:s;2;SP:s, L6:s;2;0;0;insulin-like growth factor binding protein 3;0
Igfbp5;0;SP:w, VZ:s;2;SP:s, CP:s;2;SP:s, L5:s, L3:s;2;SP:s, L5:s, L3:w;2;0;0
Il6st;0;0;0;0;0;SP:w, L5:w;2;all:w;0;interleukin 6 signal transducer;0
Impact;0;0;0;na;na;na;na;SP:s, L6:w-, L5:w-, L4:w-, L3:w-, MZ:w-;1;imprinted and ancient;anti-apoptotic and neuroprotective, regulates neuronal polarity and axonal outgrowth
Inpp4b;0;0;0;SP:w;1;SP:s;1;SP:s;1;0;phosphatidyl-inositol signaling pathway which regulates various cellular functions including growth, differentiation, apoptosis, protein trafficking and motility
Inpp5a;0;VZ:w, SZ:w;4;na;na;na;na;SP:s, L6:w;2;inositol polyphosphate-5-phosphatase A;0
Insig2;0;all:w;0;na;na;na;na;SP:s, L6:w, L5:w, L4:w, L3:w, MZ:w;2;insulin induced gene 2;0
Iqch;0;na;na;na;na;na;na;SP:s, L6:w, L5:w, L4:w, L3:w, MZ:w;2;0;0
Itgav;0;VZ:s;4;SP:s, VZ:s-, IZ:s-, L6:s-, L5:s-, CP:s-, MZ:s-;2;all:s;3;L5:s, L3:w;4;integrin alpha V;0
Itm2b;0;SP:s, IZ:s;2;na;na;na;na;all:s;3;integral membrane protein 2B;0
Jun;0;VZ:s, SZ:s, SP:w, LP:w, UP:w;3;SP:s, L5:s, VZ:w, IZ:w, L6:w, CP:w, MZ:w;2;L5:s;4;L3:s, MZ:w, L4:w, L5:w, L6:w, SP:w;4;Jun oncogene;0
Kcnab1;Kvb1.3 or Kv-beta1;SP:s;1;SP:s;1;SP:s;1;SP:s, L6:s-, L5:s-, L4:s-, L3:s-, MZ:s-;2;promotes rapid closure of Kv channels, influences the resting potential as well as threshold of excitation and wave form and frequency of action potentials;0
Kcnc4;0;SP:w;1;na;na;na;na;SP:s;1;potassium voltage gated channel, Shaw-related subfamily, member 4;conducts fast inactivating, high threshold currents, regulates the level of excitability, 
Kcnip3;0;UP:s, LP:s, SZ:w;4;na;na;na;na;SP:s, L5:s, L6:w, L4:w, L3:w, MZ:w;2;0;0
Kcnip4;0;0;0;na;na;na;na;SP:s, WM:s, L5:s, L3:s, L6:w, L4:w, MZ:s;2;Kv channel interacting protein 4;0
Kcnk2;0;all:w;0;SP:s, VZ:w, IZ:w, L6:w, L5:w, CP:w, MZ:w;2;SP:s, L5:s;2;SP:s, L4:s;2;potassium channel, subfamily K, member 2;0
Kcnt2;0;SP:s, MZ:s;1;all:s;3;all:s;3;all:s;3;0;0
Kif13a;0;SP:s, VZ:s, SZ:w, IZ:w, LP:w, CP:w, MZ:w;2;na;na;na;na;all:s;3;kinesin family member 13A;0
Klhl24;0;na;na;na;na;na;na;SP:s, L6:w, L5:w, L4:w, L3:w, MZ:w;2;kelch-like 24 (Drosophila);0
Kpna1;0;0;0;na;na;na;na;SP:s, L5:s, L6:s-, L4:s-, L3:s-, MZ:s-;2;karyopherin (importin) alpha 1;0
Kpna2;0;SP:w, VZ:s, SZ:s, IZ:s, LP:w-, UP:w-;2;na;na;na;na;SP:s, L5:s, L6:w, L4:w, L3:w, MZ:w;2;karyopherin (importin) alpha 2;0
Lcp1;5730589K01Rik;0;0;0;0;SP:s, L5:s;2;all:s;3;lymphocyte cytosolic protein 1;0
Lgals2;0;SP:s, IZ:s;2;na;na;na;na;0;0;0;0
Lgi3;0;0;0;0;0;SP:s, WM:s, L5:s;2;WM:s, L5:s, L3:s, SP:w, L6:w, L4:w, MZ:w;4;leucine-rich repeat LGI family, member 3;0
Lgmn;0;SP:s-, IZ:s-;2;SP:s-, IZ:s-;2;WM:s-;4;SP:s, L5:s, L3:s;2;legumain;0
Lhx2;0;SP:s, VZ:s, SZ:s, IZ:s, LP:w, UP:w;2;VZ:s, SP:s, CP:s, L5:w, L6:w;3;SP:s, L3:s, WM:s;2;L5:w, L3:w;4;LIM homeobox protein 2;0
Llgl1;0;na;na;na;na;na;na;SP:s, L6:w, L5:w, L4:w-, L3:w-;2;0;0
Lmbrd1;0;SP:s, LP:w, UP:w;2;na;na;na;na;SP:s, L6:w, L5:w, L4:w, L3:w, MZ:w;2;LMBR1 domain containing 1;lysosomal membrane protein, possibly involved in the uptake of vitamin B12
Loxl1;0;0;0;SP:w, L5:w;2;L5:s, L6:w, SP:w;4;0;0;lysyl oxidase-like 1;0
Lpar1;0;na;na;na;na;SP:s, L6:s-, L5:s-, L4:s-, L3:s-;2;SP:s, L6:w, L5:w, L4:w, L3:w, MZ:w;2;0;0
Lrch2;0;SP:s, IZ:s, UP:s;2;na;na;na;na;all:s;3;leucine-rich repeats and calponin homology (CH) domain containing 2;0
Lrrc58;0;VZ:s, SZ:w, IZ:w, SP:w, LP:w, UP:w, MZ:w;4;na;na;na;na;SP:s, L6:w, L5:w, L4:w, L3:w, MZ:w;2;leucine rich repeat containing 58;0
Lrrfip1;0;0;0;na;na;na;na;SP:s, L6:w, L5:w, L4:w, L3:w, MZ:w;2;leucine rich repeat (in FLII) interacting protein 1;0
Lrrtm1;0;0;0;SP:w, L5:w;2;SP:s, L5:s, L3:s;2;SP:s, L5:s;2;0;0
Lsm14a;0;VZ:s, SZ:w, IZ:w, SP:w, LP:w, UP:w, MZ:w;4;na;na;na;na;SP:s-, L5:s-;2;LSM14 homolog A (SCD6, S. cerevisiae);0
Ly6g6e;0;na;na;na;na;na;na;SP:s;1;0;GPI-anchored cell surface protein, cell adhesion and migration
Mad2l1;0;SP:w, LP:w, SZ:s;2;na;na;na;na;all:w;0;MAD2 mitotic arrest deficient-like 1 (yeast);0
Mapk6;0;SP:s, VZ:s, SZ:s, IZ:s, LP:w, UP:w, MZ:s;2;na;na;na;na;all:s;3;mitogen-activated protein kinase 6;0
Mapk8;0;0;0;0;0;SP:s, L5:s;2;SP:s, L5:w;2;mitogen-activated protein kinase 8;0
March5;0;all:s;3;na;na;na;na;SP:s-, WM:s-, L3:s-;2;membrane-associated ring finger (C3HC4) 5;0
Mcfd2;0;VZ:s, SZ:w, IZ:w, SP:w, LP:s, UP:s, MZ:w;4;na;na;na;na;SP:s, L5:s-, L3:s-, L6:w-;2;multiple coagulation factor deficiency 2;0
Mchr1;0;0;0;0;0;SP:w, L5:w;2;0;0;melanin-concentrating hormone receptor 1;0
Meis2;Mrg1;VZ:s, SZ:s, LP:s, UP:s;4;IZ:s, L6:s;4;L3:s, L6:s, L5:s;4;SP:s, L6:s, L3:s, L5:w, L4:w, MZ:w;2;Meis homeobox 2;0
Mest;0;SP:s, VZ:s, SP:w, UP:w;2;L5:s;4;L5:s;4;all:s;3;mesoderm specific transcript;0
Mfap3;0;SP:s, UP:s;2;na;na;na;na;L5:s, L3:s, SP:s-, L6:s-, L4:s-, MZ:s-;4;microfibrillar-associated protein 3;0
Mfng ;LOC100046464;SP:s-, VZ:s, SZ:s;2;na;na;na;na;0;0;similar to manic fringe /// MFNG O-fucosylpeptide 3-beta-N-acetylglucosaminyltransferase;0
Mfsd1;0;VZ:s, SZ:s, SP:s, UP:s;2;na;na;na;na;0;0;major facilitator superfamily domain containing 1;0
Mllt3;0;SP:s, IZ:s;2;na;na;na;na;0;0;"myeloid/lymphoid or mixed-lineage leukemia (trithorax homolog, Drosophila); translocated to, 3";0
Mmp16;MT-MMP2 or MT-MMP3;SP:s, LP:w, UP:w;2;na;na;na;na;SP:s, L3:s;2;matrix metallopeptidase 16;cleavage of various extracelluar matrix proteins including proteoglycan, gelatin, fibronectin, vitronectin and laminin-1, mediates resistance against myelin-induced collapse of the axonal growth cone, regulation of synaptic plasticity
Mmp9;0;VZ:s-, SZ:s-, IZ:s-, SP:s-;2;L5:s-, L6:s-, SP:s-, IZ:s-;4;0;0;0;0;matrix metallopeptidase 9;0
Mobp;0;0;0;0;0;SP:w, L5:w;2;WM:s, SP:s-, L6:w-, L5:w-;4;myelin-associated oligodendrocytic basic protein;0
Mog;0;0;0;0;0;0;0;WM:s, SP:s-, L6:w-, L5:w-;2;0;0
Mospd2;0;VZ:w, SZ:w, IZ:w, SP:w, LP:s, UP:s, MZ:w;4;na;na;na;na;SP:s, L5:s, L3:s, L6:s-, L4:s-, MZ:s-;2;motile sperm domain containing 2;0
Moxd1;0;na;na;SP:s;1;SP:s;1;SP:s, L6:s-, L5:s-, L4:s-, L3:s-, MZ:s-;1;0;0
Mpi;0;0;0;na;na;na;na;SP:s, L5:s, L3:s, L6:w, L4:w, MZ:w;2;mannose phosphate isomerase;0
Mtf2;0;SP:w, IZ:w;2;SP:w, L5:w;2;SP:s, L5:s;2;all:s-;3;metal response element binding transcription factor 2;0
Mxd3;0;SZ:s;4;SP:w-, IZ:w-;2;SP:w, L5:w;2;0;0;0;0
Mxi1;0;all:w;3;0;0;0;0;SP:s, L5:s, L3:s, L6:w-, L4:w-, MZ:w-;2;Max interacting protein 1;0
Myt1;0;SZ:s, IZ:w, SZ:w;4;IZ:s, SP:s-, L6:w, L5:w-;2;WM:s;4;L5:s, SP:w, L6:w-, L4:w-, L3:w, MZ:w;4;myelin transcription factor 1;0
Ncam2;0;SP:s-, MZ:s-,  SZ:w;2;0;0;na;na;L5:s, SP:w, L6:w, L3:w, MZ:w;4;neural cell adhesion molecule 2;0
Ncor1;0;SP:w, VZ:w, SZ:w, IZ:w;2;SP:w, L5:w;2;SP:w, L5:s, L3:s;2;SP:w;1;nuclear receptor co-repressor 1;0
Nde1;0;SP:w-, VZ:s, SZ:s, IZ:w-;2;SP:w, IZ:w;2;SP:w, WM:w;2;L3:s, L5:w;4;nuclear distribution gene E homolog 1 (A nidulans);0
Nedd4;0;VZ:s, SZ:s, SP:w, LP:w;2;na;na;na;na;SP:s, L3:s, L6:w, L5:w, L4:w, MZ:w;2;neural precursor cell expressed, developmentally down-regulated 4;0
Nedd4l;0;SP:s, IZ:s,  UP:s, SZ:w;2;na;na;na;na;L3:s, L4:s, MZ:s, L5:w, L6:w, SP:w;4;neural precursor cell expressed, developmentally down-regulated gene 4-like;0
Neurod1;0;SP:s-, IZ:s;2;CP:s;4;L3:s, L4:s;4;MZ:w, L3:w, L4:w;4;neurogenic differentiation 1;0
Nfasc;0;SP:s, IZ:s;2;SP:s, IZ:s, L5:w;2;SP:s, WM:s-;2;SP:s, L6:w-, L5:w-, L4:w-, L3:w-, MZ:w-;2;neurofascin;0
Nfe2l2;0;0;0;0;0;SP:w, WM:w;2;0;0;nuclear factor, erythroid derived 2, like 2;0
Nfe2l3;0;SP:s, LP:s;2;SP:s, L6:w, L5:w;2;SP:s, L6:w, L5:w;2;SP:s, L6:w, L5:w, L4:w, L3:w, MZ:w;2;nuclear factor, erythroid derived 2, like 3;0
Nfyb;0;SP:s, IZ:s, LP:s, UP:s;3;all:strong;3;SP:s, L5:s;2;L5:s, SP:w, L6:w, L4:w, L3:w, MZ:w;4;nuclear transcription factor-Y beta;0
Ngef;Ephexin;SP:s, VZ:s, SZ:w, IZ:w, LP:w, CP:w, MZ:w;2;SP:s;1;SP:s, L5:s, L3:s;2;SP:s, L6:s, L5:w, L4:s, L3:s, MZ:s;3;neuronal guanine nucleotide exchange factor;regulation of axonal outgrowth and EphA-mediated growth cone repulsion, homeostatic regulation of presynaptic neurotransmitter release
Nkx2-2;0;0;0;SP:w, L5:w;2;L5:s, L4:s, L3:s, SP:w;2;L3:s, MZ:w, L4:w, L5:w, L6:w, SP:w;4;NK2 transcription factor related, locus 2 (Drosophila);0
Nmbr;0;0;0;0;0;SP:w;1;0;0;neuromedin B receptor;regulation of cell growth, regulation of neurotransmitter and hormone release (serotonin, thyrotropin)
Nnat;0;SZ:s, IZ:s, LP:s, UP:s;3;SP:s, CP:s;2;SP:s, L5:s, L3:s;2;VZ:s, SP:s-;2;neuronatin;0
Notch1;0;SP:s-, VZ:s, SZ:s, IZ:s-;2;VZ:s, SP:w-, IZ:w-;2;SP:w, L5:w, WM:s;2;all:s;3;Notch gene homolog 1 (Drosophila);0
Notch2;0;VZ:s, SZ:s;4;VZ:s;4;SP:s, L5:w;2;0;0;Notch gene homolog 2 (Drosophila);0
Nptx1;0;SP:w, IZ:w;2;na;na;na;na;SP:s, L6:s, L3:w;2;neuronal pentraxin 1;0
Nr3c1;0;SP:w, VZ:w;2;SP:w, L5:s;2;SP:s, L5:s, L3:w;2;SP:s, L6:s, L5:s, L4:w, L3:w, MZ:w;2;nuclear receptor subfamily 3, group C, member 1;0
Nr4a2;Nurr1;SP:s;1;SP:s;1;SP:s;1;SP:s;1;nuclear receptor subfamily 4, group A, member 2;constituitively active orphan nuclear receptor, cell survival and differentiation, neuroprotection
Nrp1;0;SP:s, IZ:s;2;SP:w, IZ:s;2;all:w;0;L5:s;4;neuropilin 1;0
Nrxn1;0;SP:s, LP:s, UP:s;3;SP:s, L6:s, L5:s;2;SP:s, L4:s, L3:s;2;SP:s, L6:w, L5:w, L4:w, L3:w, MZ:w;2;neurexin I;0
Ntrk2;0;SP:s, LP:s, UP:s;3;SP:s, L6:s, L5:s, IZ:s, VZ:s;2;MZ:s, L3:s, L4:w, L5:w, L6:w-, SP:w-;2;all:s;3;neurotrophic tyrosine kinase, receptor, type 2;0
Nts;0;0;0;0;0;SP:w, L5:w;2;0;0;neurotensin;0
Nxph3;0;SP:s, LP:s;2;na;na;na;na;SP:s, L6:w, L5:w;2;neurexophilin 3;secreted glycoprotein, regulation of neurotransmitter release, stabilization of postsynaptic elements of the GABA synapse
Nxph4;0;SP:s;1;SP:s;1;SP:s;1;SP:s;1;neurexophilin 4;secreted glycoprotein
Olig1;0;SP:s-, VZ:s-, SZ:s-, IZ:s-;2;SP:s, IZ:s;2;SP:s, WM:s;2;all:s;3;0;0
Omg;0;0;0;na;na;na;na;SP:s, L5:s, L6:w, L3:w, MZ:w;2;oligodendrocyte myelin glycoprotein;0
Ostf1;0;SP:s-, IZ:s-;2;0;0;0;0;all:s;3;osteoclast stimulating factor 1;0
Oxr1;0;na;na;na;na;na;na;SP:s, L5:s;2;oxidation resistance 1;0
Pbef-1;Nampt;VZ:s, SZ:s, IZ:w, SP:s, LP:s, UP:s, MZ:w;3;na;na;na;na;SP:s, L3:s, L6:w, L5:w, L4:w, MZ:w;2;nicotinamide phosphoribosyltransferase;0
Pcdh11x;0;SZ:w, VZ:w;4;0;0;SP:s, L3:w;2;SP:s, L5:s, L3:s;2;protocadherin 11 X-linked;0
Pcdh17;0;na;na;na;na;na;na;SP:s, L6:w, L5:w, L4:w, L3:w, MZ:w;2;protocadherin 17;0
Pcp4;0;0;0;SP:s, L5:s;2;SP:s, L5:s;2;SP:s, L5:s, L6:w;2;Purkinje cell protein 4;0
Pcsk5;0;na;na;na;na;na;na;SP:s, L5:s;2;proprotein convertase subtilisin/kexin type 5;0
Pde1a;0;SP:s-;1;SP:s, L5:s;2;SP:s, L5:s;2;SP:s, L6:s-, L5:s;2;phosphodiesterase 1A, calmodulin-dependent;Ca2+/calmodulin-stimulated phosphodiesterase, regulation of cAMP and cGMP signaling pathways, regulation of cell survival
Pde1b;0;VZ:s, SZ:s;4;na;na;na;na;SP:s, L6:w, L5:w, L4:w, L3:w, MZ:w;2;phosphodiesterase 1B, Ca2+-calmodulin dependent;0
Pdgfc;0;VZ:s, SZ:s, SP:s, LP:s;2;0;0;L3:s-;4;all:s-;3;platelet-derived growth factor, C polypeptide;0
Pdia5;0;0;0;na;na;na;na;SP:s, L6:w;2;protein disulfide isomerase associated 5;0
Peg3;0;0;0;na;na;na;na;SP:s, L5:s, L3:s, L6:w, L4:w, MZ:w;2;paternally expressed 3;0
Phyhipl;0;SP:s, SZ:s, LP:s;2;na;na;na;na;SP:s, L6:s, L3:s;2;phytanoyl-CoA hydroxylase interacting protein-like;0
Pik3r3;0;VZ:w, SZ:w, IZ:w, SP:w, LP:s, UP:s, MZ:w;4;na;na;na;na;SP:s, L6:s, L5:s, L4:w, L3:w, MZ:w;2;phosphatidylinositol 3 kinase, regulatory subunit, polypeptide 3 (p55);0
Plcxd1;0;na;na;na;na;na;na;SP:s, L5:s, L3:s;2;phosphatidylinositol-specific phospholipase C, X domain containing 1;0
Plekha5;0;0;0;na;na;na;na;SP:s, L5:s, L3:s;2;pleckstrin homology domain containing, family A member 5;0
Plk4;0;SP:w, IZ:w, VZ:w;2;na;na;na;na;0;0;polo-like kinase 4 (Drosophila);0
Plp1;0;SP:w, IZ:w, MZ:w;2;0;0;WM:s-, SP:s-, L6:s-, L5:w, L3:w;3;WM:s, SP:s-, L6:s-, L5:s-, L4:s-, L3:s-, MZ:s-;4;0;0
Plxna4;0;SZ:s, IZ:s, SP:w;2;all:w;0;all:w;3;0;0;plexin A4;0
Pnp;0;SP:s-, VZ:s;2;na;na;na;na;0;0;purine-nucleoside phosphorylase;0
Pou3f2;0;SP:s, IZ:s, MZ:s;2;SP:s, IZ:s, CP:s;2;SP:s, L5:s, L3:s;2;SP:s, L5:s, L3:s, L6:w, L4:w, MZ:w;2;POU domain, class 3, transcription factor 2;0
Pou3f3;0;SP:s, VZ:s, SZ:s, IZ:s, MZ:s;2;SP:s, IZ:s, CP:s;2;L3:s, L5:s;4;L5:w;4;POU domain, class 3, transcription factor 3;0
Ppfibp1;0;SP:s-, IZ:s-;2;SP:s, L5:s, VZ:w, IZ:w, L6:w, CP:w, MZ:w;2;SP:s, WM:s, L5:s, L6:w, L4:w, L3:w, MZ:w;2;0;0;PTPRF interacting protein, binding protein 1 (liprin beta 1);0
Ppm1m;0;na;na;na;na;na;na;SP:s, L5:s, L3:s, L6:s-, L4:s-, MZ:s-;2;protein phosphatase 1M;0
Ppp1r1b;0;LP:s, UP:s, SP:s;4;SP:w, L5:s, CP:s;2;SP:s, L6:s, L5:s;2;SP:s, L6:s, L3:s;2;protein phosphatase 1, regulatory (inhibitor) subunit 1B;0
Ppp2r1b;0;SP:s, IZ:s;2;na;na;na;na;0;0;protein phosphatase 2 (formerly 2A), regulatory subunit A (PR 65), beta isoform;0
Ppp3cb;0;na;na;na;na;na;na;SP:s, L5:s, L3:s, L6:s-, L4:s-, MZ:s-;2;protein phosphatase 3, catalytic subunit, beta isoform;0
Prr13;0;na;na;na;na;na;na;SP:s, L5:s-, L3:s-, L6:s-, L4:s-, MZ:s-;2;proline rich 13;0
Prss12;neurotrypsin or motopsin;SP:s-;1;SP:w;1;SP:s;1;SP:s, L5:w;2;0;serine protease, synaptic plasticity (coincidence detection)
Psip1;0;MZ:s, UP:s, VZ:s, SZ:s;4;na;na;0;0;SP:s, L6:s-, L5:s-, L4:w-, L3:w-;2;PC4 and SFRS1 interacting protein 1;0
Psph;0;VZ:s, SZ:s;4;na;na;na;na;SP:s, L5:s, L3:s;2;phosphoserine phosphatase;0
Ptprg;0;na;na;na;na;na;na;SP:s, L5:s, L3:s;2;protein tyrosine phosphatase, receptor type, G;0
Pxn;0;0;0;na;na;na;na;SP:s, L6:w, L5:w, L4:w, L3:w, MZ:w;2;paxillin;0
Rab26;0;na;na;na;na;na;na;SP:s, L6:w, L5:w, L4:w, L3:w, MZ:w;2;RAB26, member RAS oncogene family;0
Rai14;Norpeg or Ankycorbin;VZ:s, SZ:s;4;na;na;na;na;SP:s;1;retinoic acid induced 14;sensor of cellular density
Rcan2;0;SP:w, MZ:s;2;SP:s;2;SP:s, L6:s-, L5:s-, L4:s-, L3:s-, MZ:s-;2;SP:s, L5:s, L6:s-, L4:s-, L3:s-, MZ:s-;2;regulator of calcineurin 2;0
Rgs20;0;0;0;na;na;na;na;SP:s, L3:s, L6:w, L5:w, L4:w, MZ:w;2;regulator of G-protein signaling 20;0
Rgs8;0;na;na;na;na;na;na;SP:s, L3:s;2;regulator of G-protein signaling 8;0
Rhoa;Gm12844;VZ:s, SZ:s;4;SP:w, L5:w;2;SP:s, L5:s;2;SP:s, L6:w, L5:w, L4:w, L3:w, MZ:w;1;predicted gene 12844 /// ras homolog gene family, member A;0
Rhobtb3;0;VZ:s, IZ:s, SP:s, LP:s, UP:w;2;na;na;na;na;0;0;Rho-related BTB domain containing 3;0
Rnasel;0;SP:w, IZ:w;2;na;na;na;na;0;0;ribonuclease L (2', 5'-oligoisoadenylate synthetase-dependent);0
Rnd2;0;SP:s, IZ:s;2;all:s;3;all:s;3;L3:s, MZ:w, L4:w, L5:w, L6:w, SP:w;4;Rho family GTPase 2;0
Rnf122;0;SZ:w, IZ:s, SP:w;2;na;na;na;na;L5:s, L3:s, SP:w, L6:w-, L4:w-;2;ring finger protein 122;0
Rnf130;0;na;na;na;na;na;na;SP:s, L6:w, L5:w, L4:w, L3:w, MZ:w;2;ring finger protein 130;0
Robo2;0;SP:s, IZ:s, LP:s-, UP:s-;2;SP:s, IZ:s, CP:s, L6:w;2;SP:s, L5:s, L6:w, L4:w, L3:w, MZ:w;2;SP:s, L5:s, L3:s, L6:w, L4:w, MZ:w;2;roundabout homolog 2 (Drosophila);0
Rock1;0;0;0;na;na;na;na;SP:s, L5:s, L3:s, L6:w, L4:w, MZ:w;2;Rho-associated coiled-coil containing protein kinase 1;0
S100b;0;0;0;0;0;WM:s-, SP:s-, L6:w-;2;L5:s, SP:s-, L6:w-, L4:w-, L3:w-, MZ:w-;4;S100 protein, beta polypeptide, neural;0
Scd2;0;na;na;na;na;na;na;SP:s, WM:s, L5:s, L3:s, L6:w, L4:w, MZ:s;2;0;0
Scrg1;0;VZ:s, SP:s, IZ:s;2;na;na;na;na;all:s;3;scrapie responsive gene 1;0
Sdk2;0;0;0;na;na;na;na;SP:s, L6:w, L5:w;2;sidekick homolog 2 (chicken);0
Sec24d;0;SP:s, LP:s, UP:s;3;na;na;na;na;SP:s, L6:w, L5:w, L4:w, L3:w, MZ:w;2;Sec24 related gene family, member D (S. cerevisiae);0
Sema3a;0;SP:s-, IZ:s-, LP:s-;2;SP:s-, L5:s-;2;L5:s;4;L3:s;4;sema domain, immunoglobulin domain (Ig), short basic domain, secreted, (semaphorin) 3A;0
Sema4a;0;0;0;SP:w, L5:w;2;SP:w, L5:w;2;SP:w, L6:w;2;sema domain, immunoglobulin domain (Ig), transmembrane domain (TM) and short cytoplasmic domain, (semaphorin) 4A;0
Sema4d;0;SP:s, IZ:s, LP:s-, UP:s-;2;SP:s, L5:s;2;SP:w, L5:w;2;all:s-;3;sema domain, immunoglobulin domain (Ig), transmembrane domain (TM) and short cytoplasmic domain, (semaphorin) 4D;0
Sema5a;0;SZ:w, VZ:s;0;VZ:s;4;SP:s, L5:s, WM:s;2;SP:s, L6:s;2;sema domain, seven thrombospondin repeats (type 1 and type 1-like), transmembrane domain (TM) and short cytoplasmic domain, (semaphorin) 5A;0
Sema5b;0;VZ:s, SP:s-, LP:s-, UP:s-;3;VZ:s, IZ:s-;4;SP:s;1;SP:s;1;0;0
Sema6a;0;SP:s, MZ:s;1;SP:s, L5:w;2;SP:w, L5:s;2;WM:s, SP:s-, L6:s-, L5:s-, L4:s-, L3:s-, MZ:s-;4;sema domain, transmembrane domain (TM), and cytoplasmic domain, (semaphorin) 6A;axonal guidance, neuronal migration in particular the restriction of neurons from the neuropil
Sema6d;0;IZ:s, SP:s-, LP:s-, UP:s-;3;SP:s, L5:s;2;SP:s, L5:s, L6:w, L4:w, L3:w, MZ:w;2;L5:s-;4;sema domain, transmembrane domain (TM), and cytoplasmic domain, (semaphorin) 6D;0
Sept7;0;VZ:s, SZ:s, SP:w, LP:w;3;na;na;na;na;SP:s, L6:w, L5:w;2;septin 7;0
Serpini1;0;LP:s, UP:s, SP:w, IZ:w;4;na;na;SP:s, L5:s-, L6:w-, L4:w-, L3:w-, MZ:w-;2;SP:s, L6:s-, L5:s-, L4:s-, L3:s-, MZ:s-;2;0;0
Sestd1;0;LP:w, UP:w;4;na;na;na;na;SP:s, L6:s-, L5:s-, L4:s-, L3:s-, MZ:s-;2;SEC14 and spectrin domains 1;0
Sfrp1;0;VZ:s, SZ:s;4;VZ:s, IZ:s;4;SP:w, L5:w, L3:w;2;0;0;secreted frizzled-related protein 1;0
Sfrs1;0;VZ:s, SZ:s;4;VZ:s, IZ:s;4;SP:w, L5:w, L3:w;2;0;0;splicing factor, arginine/serine-rich 1 (ASF/SF2);0
Shb;0;SP:s, IZ:s, MZ:w;2;na;na;na;na;SP:s, L6:w, L5:w, L4:w, L3:w, MZ:w;2;src homology 2 domain-containing transforming protein B;0
Sirpa;0;VZ:w, LP:w, UP:w;4;na;na;na;na;SP:s, L6:s, L3:s;2;signal-regulatory protein alpha;0
Slain1;0;na;na;na;na;na;na;SP:s, L6:w, L5:w, L4:w, L3:w, MZ:w;2;0;0
Slc1a2;Eaat2;SP:s, MZ:s;1;SP:s;1;SP:s;1;SP:s, MZ:s;2;solute carrier family 1 (glial high affinity glutamate transporter), member 2;sodium-dependant excitatory amino acid transporter, glutamate uptake at the synapse
Slc6a1;0;SP:s-, IZ:s-, MZ:s-;2;SP:s-, L5:s-;2;L5:s;4;all:s-;3;solute carrier family 6 (neurotransmitter transporter, GABA), member 1;0
Slc8a1;0;SP:s;1;SP:s, CP:s;2;SP:s, L6:w, L5:w;2;SP:s, L6:w, 5:w;2;solute carrier family 8 (sodium/calcium exchanger), member 1;0
Slitrk3;0;SP:s, SZ:s, SZ:s;2;na;na;na;na;all:s;3;SLIT and NTRK-like family, member 3;0
Sorbs2;0;SP:s, IZ:s;2;na;na;na;na;L3:s, SP:w;4;sorbin and SH3 domain containing 2;0
Sorcs3;0;0;0;na;na;na;na;SP:w, L5:w, L3:s;2;sortilin-related VPS10 domain containing receptor 3;0
Sox2;0;SP:s-, VZ:s, SZ:s-, IZ:s-;2;VZ:s, IZ:s, SP:s, L5:w;2;SP:w, WM:w, L5:w, L3:w;2;all:s-;3;SRY-box containing gene 2;0
Sox21;0;VZ:w, SZ:w;4;0;0;SP:w, L5:w, L3:s;2;0;0;SRY-box containing gene 21;0
Sst;0;SP:s, IZ:s, MZ:s;2;SP:s, IZ:s-, L6:s-, L5:s-;2;SP:s, L6:s, L5:s;3;all:s;3;somatostatin;0
Stac2;0;0;0;na;na;na;na;SP:s, L5:s, L3:s;2;SH3 and cysteine rich domain 2;0
Stt3b;0;na;na;na;na;na;na;SP:s, L5:w;2;STT3, subunit of the oligosaccharyltransferase complex, homolog B (S. cerevisiae);0
Sulf1;0;0;0;na;na;na;na;SP:s, L6:s-;2;sulfatase 1;0
Sulf2;0;SP:s;1;na;na;na;na;SP:s, L5:s;2;sulfatase 2;regulates a variety of signaling pathways by influencing the binding between heparan sulfate proteoglycans and growth factors
Sv2b;0;SP:s, MZ:s;1;all:s;3;all:s;3;all:s;3;synaptic vesicle glycoprotein 2 b;0
Svil;0;0;0;na;na;na;na;SP:s;1;supervillin;assembly of adherens junctions, co-activator of some nuclear receptors (androgen r., glucocorticoid r., PPAR? r.), regulation of cell migration through degradation of the extracellular matrix
Syne2;0;SP:w, VZ:s, SZ:s;2;na;na;na;na;0;0;synaptic nuclear envelope 2;0
Syt1;0;SP:s, MZ:s, LP:w, UP:w;2;SP:s, CP:s, L6:w, L5:w, MZ:w;2;SP:s, L6:w, L5:w, L4:w, L3:w, MZ:w;2;SP:s, L3:s, L6:w, L5:w, L4:w, MZ:w;2;synaptotagmin I;0
Syt10;0;0;0;SP:s, IZ:w, VZ:w, L6:w, L5:w, CP:w, MZ:w;2;SP:s, L6:s;2; SP:s, L6:s-;2;synaptotagmin X;0
Syt13;0;LP:s, UP:s;4;na;na;na;na;SP:s, L6:w, L5:w, L4:w, L3:w, MZ:w;2;synaptotagmin XIII;0
Tank;0;0;0;na;na;na;na;SP:s, L6:s-, L5:s-, L4:s-, L3:s-, MZ:s-;2;TRAF family member-associated Nf-kappa B activator;0
Tcf12;0;SP:s, VZ:s, SZ:s, IZ:s;2;VZ:w, IZ:w;4;all:w;0;0;0;transcription factor 12;0
Tcf7l2;0;0;0;0;0;SP:s-, WM:s-;2;0;0;transcription factor 7-like 2, T-cell specific, HMG-box;0
Thbs2;0;0;0;na;na;na;na;SP:s, L4:w, L3:w, L5:w;2;thrombospondin 2;0
Thrsp;0;LP:w, UP:w;4;na;na;na;na;SP:s, L6:w, L5:w, L4:w, L3:w, MZ:w;2;thyroid hormone responsive SPOT14 homolog (Rattus);regulation of lipogenesis, 
Timeless;0;VZ:s, SZ:s;4;na;na;all:s-;3;SP:s, L5:s, L3:s;2;timeless homolog (Drosophila);0
Timp2;0;na;na;na;na;na;na;SP:s, L5:s, L3:s, L6:w, L4:w, MZ:w;2;0;0
Tle1;0;SP:s, IZ:w, SZ:w, VZ:s;2;VZ:s,  IZ:s, SP:s;2;L3:s, L5:w;4;SP:s, L6:w;2;transducin-like enhancer of split 1, homolog of Drosophila E(spl);0
Tmed10;0;na;na;na;na;na;na;SP:s, L6:w, L5:w, L4:w, L3:w, MZ:w;2;transmembrane emp24-like trafficking protein 10 (yeast);0
Tmeff2;0;SP:s-, MZ:s-;2;na;na;na;na;SP:s, L5:s, L3:s, L6:w, L4:w, MZ:w;2;0;0
Tmem132d;0;0;0;na;na;na;na;L3:s, SP:w;2;Transmembrane protein 132D;0
Tmem163;Sv31;na;na;SP:w;1;SP:s, L5:w;2;SP:s, L5:s;2;0;vesicular transporter
Tmem2;0;MZ:s;4;na;na;SP:s-, WM:s-;2;all:s-;3;transmembrane protein 2;0
Tmem40;0;0;0;na;na;na;na;SP:w-, L5:w-;2;transmembrane protein 40;0
Tnmd;0;0;0;na;na;na;na;SP:s-;1;tenomodulin;inhibitor of angiogenesis
Tpbg;5t4;VZ:s, SZ:s;4;na;na;na;na;SP:s;1;trophoblast glycoprotein;formation and maintenance of dendrites and synapses
Tpd52l1;0;0;0;SP:w;1;SP:w;1;SP:w, L6:w, L5:w, L4:w, L3:w, MZ:w;3;tumor protein D52-like 1;regulation of proliferation, vesicle trafficking and exocytosis
Tppp;2900041A09Rik;LP:s, UP:s;4;na;na;na;na;SP:s, L3:s;2;tubulin polymerization promoting protein;0
Trf;0;0;0;0;0;0;0;all:s;2;transferrin;0
Trh;0;0;0;SP:s;1;SP:s;1;SP:s;1;thyrotropin releasing hormone;0
Trib2;0;SP:w, VZ:w, SZ:w, IZ:w;2;SP:s, IZ:s, CP:s;2;L4:s, SP:w, L6:w, L5:w, L3:w, MZ:w;4;SP:s, L5:s, L6:w, L4:w, L3:w, MZ:w;2;tribbles homolog 2 (Drosophila);0
Trp53i11;0;SP:s, IZ:s, LP:s, UP:w;2;SP:s;1;SP:s;1;SP:s, L5:s-, L3:s-, L6:w, L4:w, MZ:w;2;0;0
Trps1;0;VZ:s, SZ:s;4;VZ:s, SP:w;2;SP:w, L5:w;2;L3:w;4;trichorhinophalangeal syndrome I (human);0
Tsc22d1;0;SP:s, IZ:s, MZ:s, LP:w, UP:w;2;SP:s, IZ:s, CP:s;2;SP:s, L3:s;2;SP:s, L3:s;2;TSC22 domain family, member 1;0
Tuba1a;Gm3756 or Gm5620 or Gm6682 or Gm7172 or LOC100044416 or LOC100045728 or Tuba1a or Tuba1b or Tuba1c;SP:s, LP:s, UP:s, MZ:w, IZ:w, SZ:w, VZ:w;3;na;na;na;na;SP:s, L6:w, L5:w, L4:w, L3:w, MZ:w;2;predicted gene 3756 /// predicted gene 5620 /// predicted gene 6682 /// predicted gene 7172 /// similar to alpha-tubulin isotype M-alpha-2 /// similar to tubulin, alpha 1 /// tubulin, alpha 1A /// tubulin, alpha 1B /// tubulin, alpha 1C;0
Txnrd1;0;SP:s, IZ:s, LP:s, VZ:s;2;na;na;na;na;L5:s, SP:w, L6:w, L4:w, L3:w, MZ:w;4;thioredoxin reductase 1;0
Unc5c;0;SP:s;1;SP:w-, CP:s;2;SP:w, L5:s;2;all:w;0;unc-5 homolog C (C. elegans);Netrin-1 receptor, axonal guidance, cell migration
Usp46;0;SP:s, SZ:s, IZ:s;2;na;na;na;na;SP:s, L6:w, L5:w, L4:w, L3:w, MZ:w;2;ubiquitin specific peptidase 46;H2A and H2B deubiquitinase, regulation of GABA system
Wnt4;0;0;0;0;0;SP:w;1;SP:s;1;wingless-related MMTV integration site 4;axonal guidance, neuronal specification, angiogenesis
Yap1;0;na;na;na;na;na;na;SP:s, L5:s;2;yes-associated protein 1;0
Zcchc12;0;SP:s, MZ:s;2;na;na;na;na;all:s-;3;zinc finger, CCHC domain containing 12;0
Zdhhc2;0;SP:s;1;SP:s, L5:s;2;SP:s, L5:s, L4:s;2;L5:s, L4:s;4;zinc finger, DHHC domain containing 2;palmitoyl acyltransferase, regulation of synaptic plasticity, regulation of secretion, cell-cell contacts
Zfp191;0;0;0;0;0;SP:w, L5:w;2;0;0;zinc finger protein 191;0
Zhx1;0;VZ:s, SZ:s;4;SP:s, IZ:s, L6:w, L5:w, CP:w, MZ:w;2;all:s;3;0;0;zinc fingers and homeoboxes 1;0
Zic1;0;0;0;SP:s, L5:s, VZ:w, IZ:w, L6:w, CP:w, MZ:w;2;0;0;0;0;zinc finger protein of the cerebellum 1;0
Zwint;0;SP:s, SZ:s, MZ:s, LP:s-, UP:s-;2;na;na;na;na;SP:s, L5:s, L3:s, L6:w, L4:w, MZ:w;2;ZW10 interactor;0
;;;;;;;;;;;
;;;;;;;;;;;
;;;;;;;;;;;
;;;;;;;;;;;
;;;;;;;;;;;
;;;;;;;;;;;
;;;;;;;;;;;
;;;;;;;;;;;
;;;;;;;;;;;
;;;;;;;;;;;
;;;;;;;;;;;
;;;;;;;;;;;
;;;;;;;;;;;
;;;;;;;;;;;
;;;;;;;;;;;
;;;;;;;;;;;
;;;;;;;;;;;
;;;;;;;;;;;
;;;;;;;;;;;
;;;;;;;;;;;
;;;;;;;;;;;
;;;;;;;;;;;
;;;;;;;;;;;
;;;;;;;;;;;
;;;;;;;;;;;
;;;;;;;;;;;
;;;;;;;;;;;
;;;;;;;;;;;
;;;;;;;;;;;
;;;;;;;;;;;
;;;;;;;;;;;
;;;;;;;;;;;
;;;;;;;;;;;
;;;;;;;;;;;
;;;;;;;;;;;
;;;;;;;;;;;
;;;;;;;;;;;
;;;;;;;;;;;
;;;;;;;;;;;
;;;;;;;;;;;
;;;;;;;;;;;
;;;;;;;;;;;
;;;;;;;;;;;
;;;;;;;;;;;
;;;;;;;;;;;
;;;;;;;;;;;
;;;;;;;;;;;
;;;;;;;;;;;
;;;;;;;;;;;
;;;;;;;;;;;
;;;;;;;;;;;
;;;;;;;;;;;
;;;;;;;;;;;
;;;;;;;;;;;
;;;;;;;;;;;
;;;;;;;;;;;
;;;;;;;;;;;
;;;;;;;;;;;
;;;;;;;;;;;
;;;;;;;;;;;
;;;;;;;;;;;
;;;;;;;;;;;
;;;;;;;;;;;
;;;;;;;;;;;
;;;;;;;;;;;
;;;;;;;;;;;
;;;;;;;;;;;
;;;;;;;;;;;
;;;;;;;;;;;
;;;;;;;;;;;
;;;;;;;;;;;
;;;;;;;;;;;
;;;;;;;;;;;
;;;;;;;;;;;
;;;;;;;;;;;
;;;;;;;;;;;
;;;;;;;;;;;
;;;;;;;;;;;
;;;;;;;;;;;
;;;;;;;;;;;
;;;;;;;;;;;
;;;;;;;;;;;
;;;;;;;;;;;
;;;;;;;;;;;
;;;;;;;;;;;
;;;;;;;;;;;
;;;;;;;;;;;
;;;;;;;;;;;
;;;;;;;;;;;
;;;;;;;;;;;
;;;;;;;;;;;
;;;;;;;;;;;
;;;;;;;;;;;
;;;;;;;;;;;
;;;;;;;;;;;
;;;;;;;;;;;
;;;;;;;;;;;
;;;;;;;;;;;
;;;;;;;;;;;
;;;;;;;;;;;
